[{"id":"user-image-drawing_of_cristiano_ronaldo_by_jamiebrayart_ddvtglv-fullview.jpg","fileName":"drawing_of_cristiano_ronaldo_by_jamiebrayart_ddvtglv-fullview.jpg","name":"drawing_of_cristiano_ronaldo_by_jamiebrayart_ddvtglv-fullview","publicUrl":"https://assets.nicepagecdn.com/ca3c4386/6320628/images/drawing_of_cristiano_ronaldo_by_jamiebrayart_ddvtglv-fullview.jpg","size":186302,"hash":"g6QDRQJDcw0Ox2DYu5Bc6YCJTT8=","width":1280,"height":1707,"folderId":null,"thumbnail":{"url":"https://assets.nicepagecdn.com/ca3c4386/6320628/images/thumbnails/drawing_of_cristiano_ronaldo_by_jamiebrayart_ddvtglv-fullview.jpg","width":112,"height":150},"usages":["38796187"]},{"id":"user-image-jonathan-wood-cristiano-ronaldo-1-800x800.jpg","fileName":"jonathan-wood-cristiano-ronaldo-1-800x800.jpg","name":"jonathan-wood-cristiano-ronaldo-1-800x800","publicUrl":"https://assets.nicepagecdn.com/ca3c4386/6320628/images/jonathan-wood-cristiano-ronaldo-1-800x800.jpg","size":122374,"hash":"M9A5cPtBcLl67Jw+nOEnGcQISjE=","width":800,"height":800,"folderId":null,"thumbnail":{"url":"https://assets.nicepagecdn.com/ca3c4386/6320628/images/thumbnails/jonathan-wood-cristiano-ronaldo-1-800x800.jpg","width":150,"height":150},"usages":[]},{"id":"user-image-aa2e2fedef26f95b0aa42034ede9b5b4.jpg","fileName":"aa2e2fedef26f95b0aa42034ede9b5b4.jpg","name":"aa2e2fedef26f95b0aa42034ede9b5b4","publicUrl":"https://assets.nicepagecdn.com/ca3c4386/6320628/images/aa2e2fedef26f95b0aa42034ede9b5b4.jpg","size":11361,"hash":"X5LQqKAjStGIW3wn3r5l/+cM7F0=","width":236,"height":332,"folderId":null,"thumbnail":{"url":"https://assets.nicepagecdn.com/ca3c4386/6320628/images/thumbnails/aa2e2fedef26f95b0aa42034ede9b5b4.jpg","width":107,"height":150},"usages":["38796187"]},{"id":"user-image-images7.jpg","fileName":"images7.jpg","name":"images7","publicUrl":"https://assets.nicepagecdn.com/ca3c4386/6320628/images/images7.jpg","size":10961,"hash":"hzJXBxtFFi979m4wgHEMsbfed/Y=","width":194,"height":259,"folderId":null,"thumbnail":{"url":"https://assets.nicepagecdn.com/ca3c4386/6320628/images/thumbnails/images7.jpg","width":112,"height":150},"usages":[]},{"id":"user-image-08d47d33c689768b2839dc1cf7377ef6.jpg","fileName":"08d47d33c689768b2839dc1cf7377ef6.jpg","name":"08d47d33c689768b2839dc1cf7377ef6","publicUrl":"https://assets.nicepagecdn.com/ca3c4386/6320628/images/08d47d33c689768b2839dc1cf7377ef6.jpg","size":75174,"hash":"fJjyjpi9jegosT9hsKlXQvCdyQA=","width":564,"height":564,"folderId":null,"thumbnail":{"url":"https://assets.nicepagecdn.com/ca3c4386/6320628/images/thumbnails/08d47d33c689768b2839dc1cf7377ef6.jpg","width":150,"height":150},"usages":["38796187"]},{"id":"user-image-aeef8ac28fb62f0ffd562bf897a56184.jpg","fileName":"aeef8ac28fb62f0ffd562bf897a56184.jpg","name":"aeef8ac28fb62f0ffd562bf897a56184","publicUrl":"https://assets.nicepagecdn.com/ca3c4386/6320628/images/aeef8ac28fb62f0ffd562bf897a56184.jpg","size":73125,"hash":"aCspAdK286QPUkRw6NmqdAIT+6E=","width":563,"height":691,"folderId":null,"thumbnail":{"url":"https://assets.nicepagecdn.com/ca3c4386/6320628/images/thumbnails/aeef8ac28fb62f0ffd562bf897a56184.jpg","width":122,"height":150},"usages":["38796187"]},{"id":"user-image-FGkW-yqVgAAFo_X.jpg","fileName":"FGkW-yqVgAAFo_X.jpg","name":"FGkW-yqVgAAFo_X","publicUrl":"https://assets.nicepagecdn.com/ca3c4386/6320628/images/FGkW-yqVgAAFo_X.jpg","size":188013,"hash":"6tmX0YHrHqopGp9+/HvoYIrTYUU=","width":799,"height":1064,"folderId":null,"thumbnail":{"url":"https://assets.nicepagecdn.com/ca3c4386/6320628/images/thumbnails/FGkW-yqVgAAFo_X.jpg","width":113,"height":150},"usages":["38796187"]},{"id":"user-image-125437314_197260422006508_1147426913401792603_n.jpg","fileName":"125437314_197260422006508_1147426913401792603_n.jpg","name":"125437314_197260422006508_1147426913401792603_n","publicUrl":"https://assets.nicepagecdn.com/ca3c4386/6320628/images/125437314_197260422006508_1147426913401792603_n.jpg","size":56972,"hash":"nteYKQylARG2YpfUjsx4glxMIIE=","width":512,"height":640,"folderId":null,"thumbnail":{"url":"https://assets.nicepagecdn.com/ca3c4386/6320628/images/thumbnails/125437314_197260422006508_1147426913401792603_n.jpg","width":120,"height":150},"usages":["38796187"]},{"id":"user-image-images8.jpeg","fileName":"images8.jpeg","name":"images8","publicUrl":"https://assets.nicepagecdn.com/ca3c4386/6320628/images/images8.jpeg","size":49527,"hash":"SXrOJnH3eJdDlJcB8LxVkKjk+AI=","width":600,"height":400,"folderId":null,"thumbnail":{"url":"https://assets.nicepagecdn.com/ca3c4386/6320628/images/thumbnails/images8.jpeg","width":150,"height":100},"usages":[]},{"id":"user-image-images6.jfif","fileName":"images6.jfif","name":"images6","publicUrl":"https://assets.nicepagecdn.com/ca3c4386/6320628/images/images6.jfif","size":3006,"hash":"CFNNRWMcCc6VKwiMRflnUTFWCyc=","width":225,"height":225,"folderId":null,"thumbnail":{"url":"https://assets.nicepagecdn.com/ca3c4386/6320628/images/thumbnails/images6.jfif","width":150,"height":150},"usages":[]},{"id":"user-image-desktop-wallpaper-dark-crumpled-paper-texture-black-paper-thumbnail.jpg","fileName":"desktop-wallpaper-dark-crumpled-paper-texture-black-paper-thumbnail.jpg","name":"desktop-wallpaper-dark-crumpled-paper-texture-black-paper-thumbnail","publicUrl":"https://assets.nicepagecdn.com/ca3c4386/6320628/images/desktop-wallpaper-dark-crumpled-paper-texture-black-paper-thumbnail.jpg","size":16671,"hash":"sfIO9xU89MpmHKWCf5Un8XY7pDU=","width":350,"height":219,"folderId":null,"thumbnail":{"url":"https://assets.nicepagecdn.com/ca3c4386/6320628/images/thumbnails/desktop-wallpaper-dark-crumpled-paper-texture-black-paper-thumbnail.jpg","width":150,"height":94},"usages":["38796187"]},{"id":"user-image-00e6b7c79a73284d1f29875f0087171e.jpg","fileName":"00e6b7c79a73284d1f29875f0087171e.jpg","name":"00e6b7c79a73284d1f29875f0087171e","publicUrl":"https://assets.nicepagecdn.com/ca3c4386/6320628/images/00e6b7c79a73284d1f29875f0087171e.jpg","size":88196,"hash":"ZdSt0WLrlrDqf0vB7JShD4bfokA=","width":736,"height":1040,"folderId":null,"thumbnail":{"url":"https://assets.nicepagecdn.com/ca3c4386/6320628/images/thumbnails/00e6b7c79a73284d1f29875f0087171e.jpg","width":106,"height":150},"usages":["38796187"]},{"id":"user-image-48302d780e46ed414e1e3b1131a882959871a7b2237b3a0deb5226754c62d4a957d1c6d6662cc01a16282eaea720e921f466a66b24c6cff16ec7ec_1280.jpg","fileName":"48302d780e46ed414e1e3b1131a882959871a7b2237b3a0deb5226754c62d4a957d1c6d6662cc01a16282eaea720e921f466a66b24c6cff16ec7ec_1280.jpg","name":"48302d780e46ed414e1e3b1131a882959871a7b2237b3a0deb5226754c62d4a957d1c6d6662cc01a16282eaea720e921f466a66b24c6cff16ec7ec_1280","publicUrl":"https://assets.nicepagecdn.com/ca3c4386/6320628/images/48302d780e46ed414e1e3b1131a882959871a7b2237b3a0deb5226754c62d4a957d1c6d6662cc01a16282eaea720e921f466a66b24c6cff16ec7ec_1280.jpg","size":112433,"hash":"AdpWus5Lx3xGBLDMndbbrxvV6jc=","width":874,"height":1280,"folderId":null,"thumbnail":{"url":"https://assets.nicepagecdn.com/ca3c4386/6320628/images/thumbnails/48302d780e46ed414e1e3b1131a882959871a7b2237b3a0deb5226754c62d4a957d1c6d6662cc01a16282eaea720e921f466a66b24c6cff16ec7ec_1280.jpg","width":102,"height":150},"usages":[]},{"id":"user-image-MFYj+QGKrAwAihDoOr4sshoQ=.jpeg","fileName":"MFYj+QGKrAwAihDoOr4sshoQ=.jpeg","name":"MFYj+QGKrAwAihDoOr4sshoQ=","publicUrl":"https://assets.nicepagecdn.com/ca3c4386/6320628/images/MFYj+QGKrAwAihDoOr4sshoQ=.jpeg","size":229697,"hash":"roK6rukz5UQjjleZIBymedkMaso=","width":1256,"height":1000,"folderId":null,"thumbnail":{"url":"https://assets.nicepagecdn.com/ca3c4386/6320628/images/thumbnails/MFYj+QGKrAwAihDoOr4sshoQ=.jpeg","width":150,"height":119},"usages":["38796187"]},{"id":"user-image-1670915.png","fileName":"1670915.png","name":"1670915","publicUrl":"https://assets.nicepagecdn.com/ca3c4386/6320628/images/1670915.png","size":1670,"hash":"yvbD2Nzyl2NR/sWES6mbSRe/TYM=","width":128,"height":128,"folderId":null,"thumbnail":{"url":"https://assets.nicepagecdn.com/ca3c4386/6320628/images/1670915.png","width":128,"height":128},"usages":["38796187"]},{"id":"user-image-3104891.png","fileName":"3104891.png","name":"3104891","publicUrl":"https://assets.nicepagecdn.com/ca3c4386/6320628/images/3104891.png","size":1253,"hash":"d23X4FAY+RD6klo72Idztb/+YRQ=","width":128,"height":128,"folderId":null,"thumbnail":{"url":"https://assets.nicepagecdn.com/ca3c4386/6320628/images/3104891.png","width":128,"height":128},"usages":["38796187"]},{"id":"user-image-1170221.png","fileName":"1170221.png","name":"1170221","publicUrl":"https://assets.nicepagecdn.com/ca3c4386/6320628/images/1170221.png","size":3962,"hash":"72LCv87J30QQqCrBaxcn73xPKHA=","width":128,"height":128,"folderId":null,"thumbnail":{"url":"https://assets.nicepagecdn.com/ca3c4386/6320628/images/1170221.png","width":128,"height":128},"usages":["38796187"]},{"id":"user-image-dfd9c91fcf046950d3b508235f04985877f34214aec58ff5e3aff005acd1df96bacff36ace33f82e7db8b472d799dabcb42d396f0b928277fc896c_1280.jpg","fileName":"dfd9c91fcf046950d3b508235f04985877f34214aec58ff5e3aff005acd1df96bacff36ace33f82e7db8b472d799dabcb42d396f0b928277fc896c_1280.jpg","name":"dfd9c91fcf046950d3b508235f04985877f34214aec58ff5e3aff005acd1df96bacff36ace33f82e7db8b472d799dabcb42d396f0b928277fc896c_1280","publicUrl":"https://assets.nicepagecdn.com/ca3c4386/6320628/images/dfd9c91fcf046950d3b508235f04985877f34214aec58ff5e3aff005acd1df96bacff36ace33f82e7db8b472d799dabcb42d396f0b928277fc896c_1280.jpg","size":144298,"hash":"a4+4dxlqjyiBzJtbK8SoTwvuTiM=","width":1280,"height":853,"folderId":null,"thumbnail":{"url":"https://assets.nicepagecdn.com/ca3c4386/6320628/images/thumbnails/dfd9c91fcf046950d3b508235f04985877f34214aec58ff5e3aff005acd1df96bacff36ace33f82e7db8b472d799dabcb42d396f0b928277fc896c_1280.jpg","width":150,"height":100},"usages":[]},{"id":"user-image-IMG_20240815_1935511.jpg","fileName":"IMG_20240815_1935511.jpg","name":"IMG_20240815_1935511","publicUrl":"https://assets.nicepagecdn.com/ca3c4386/6320628/images/IMG_20240815_1935511.jpg","size":553128,"hash":"KZnUzvKBaz7BgovCMGtkYLlBz8k=","width":836,"height":1116,"folderId":null,"thumbnail":{"url":"https://assets.nicepagecdn.com/ca3c4386/6320628/images/thumbnails/IMG_20240815_1935511.jpg","width":112,"height":150},"usages":["product:3","122267501","38796187"]},{"id":"user-image-17237303386881.jpg","fileName":"17237303386881.jpg","name":"17237303386881","publicUrl":"https://assets.nicepagecdn.com/ca3c4386/6320628/images/17237303386881.jpg","size":107049,"hash":"0p1rtBFnhBaHMfx9iVEGGCjAqFo=","width":1200,"height":800,"folderId":null,"thumbnail":{"url":"https://assets.nicepagecdn.com/ca3c4386/6320628/images/thumbnails/17237303386881.jpg","width":150,"height":100},"usages":["38796187"]},{"id":"user-image-IMG_20240501_231438_9761.jpg","fileName":"IMG_20240501_231438_9761.jpg","name":"IMG_20240501_231438_9761","publicUrl":"https://assets.nicepagecdn.com/ca3c4386/6320628/images/IMG_20240501_231438_9761.jpg","size":556090,"hash":"Fi9ywAo98Uysu25eCQLgXi+D7vM=","width":1920,"height":1920,"folderId":null,"thumbnail":{"url":"https://assets.nicepagecdn.com/ca3c4386/6320628/images/thumbnails/IMG_20240501_231438_9761.jpg","width":150,"height":150},"usages":["38796187"]},{"id":"user-image-photo-1581442616656-2d868c1f0128.jpeg","fileName":"photo-1581442616656-2d868c1f0128.jpeg","name":"photo-1581442616656-2d868c1f0128","publicUrl":"https://assets.nicepagecdn.com/ca3c4386/6320628/images/photo-1581442616656-2d868c1f0128.jpeg","size":107741,"hash":"8EBSbb9HAserUSa54sb58rlto9s=","width":1080,"height":1620,"folderId":null,"thumbnail":{"url":"https://assets.nicepagecdn.com/ca3c4386/6320628/images/thumbnails/photo-1581442616656-2d868c1f0128.jpeg","width":100,"height":150},"originalUrl":"https://images.unsplash.com/photo-1581442616656-2d868c1f0128?crop=entropy&cs=tinysrgb&fit=max&fm=jpg&ixid=M3w1ODg2MDh8MHwxfGNvbGxlY3Rpb258MTd8MjEwNDU4NHx8fHx8Mnx8MTcyMzcyMzM5OHw&ixlib=rb-4.0.3&q=80&w=1080","usages":[]},{"id":"user-image-photo-1582137490248-c53207ec5602.jpeg","fileName":"photo-1582137490248-c53207ec5602.jpeg","name":"photo-1582137490248-c53207ec5602","publicUrl":"https://assets.nicepagecdn.com/ca3c4386/6320628/images/photo-1582137490248-c53207ec5602.jpeg","size":74476,"hash":"MWiKYuLxzeCJHRWGMOHTprR1VG0=","width":1080,"height":720,"folderId":null,"thumbnail":{"url":"https://assets.nicepagecdn.com/ca3c4386/6320628/images/thumbnails/photo-1582137490248-c53207ec5602.jpeg","width":150,"height":100},"originalUrl":"https://images.unsplash.com/photo-1582137490248-c53207ec5602?crop=entropy&cs=tinysrgb&fit=max&fm=jpg&ixid=M3w1ODg2MDh8MHwxfGNvbGxlY3Rpb258MTh8MjEwNDU4NHx8fHx8Mnx8MTcyMzcyMzM5OHw&ixlib=rb-4.0.3&q=80&w=1080","usages":[]},{"id":"user-image-pexels-photo-531880.jpeg","fileName":"pexels-photo-531880.jpeg","name":"pexels-photo-531880","publicUrl":"https://assets.nicepagecdn.com/ca3c4386/6320628/images/pexels-photo-531880.jpeg","size":26508,"hash":"nIM9Zm6lNohMmoQmiC2+qfOM2+Y=","width":600,"height":375,"folderId":null,"thumbnail":{"url":"https://assets.nicepagecdn.com/ca3c4386/6320628/images/thumbnails/pexels-photo-531880.jpeg","width":150,"height":94},"usages":[]},{"id":"user-image-Picsart_24-08-15_17-12-54-1711.jpg","fileName":"Picsart_24-08-15_17-12-54-1711.jpg","name":"Picsart_24-08-15_17-12-54-1711","publicUrl":"https://assets.nicepagecdn.com/ca3c4386/6320628/images/Picsart_24-08-15_17-12-54-1711.jpg","size":377269,"hash":"De8nl6R30VNc4/v1TbgRlhNDp6E=","width":1620,"height":1080,"folderId":null,"thumbnail":{"url":"https://assets.nicepagecdn.com/ca3c4386/6320628/images/thumbnails/Picsart_24-08-15_17-12-54-1711.jpg","width":150,"height":100},"usages":[]},{"id":"user-image-pexels-photo-316466.webp","fileName":"pexels-photo-316466.webp","name":"pexels-photo-316466","publicUrl":"https://assets.nicepagecdn.com/ca3c4386/6320628/images/pexels-photo-316466.webp","size":3002,"hash":"1z0zZvCx2RmF+x4foqdHYWcSPD8=","width":600,"height":400,"folderId":null,"thumbnail":{"url":"https://assets.nicepagecdn.com/ca3c4386/6320628/images/pexels-photo-316466.webp","width":600,"height":400},"usages":["38796187"]},{"id":"user-image-IMG_20240529_195712_0221.jpg","fileName":"IMG_20240529_195712_0221.jpg","name":"IMG_20240529_195712_0221","publicUrl":"https://assets.nicepagecdn.com/ca3c4386/6320628/images/IMG_20240529_195712_0221.jpg","size":749847,"hash":"TykpbwKW2oNfDe13f+0IKin0TeA=","width":1641,"height":1920,"folderId":null,"thumbnail":{"url":"https://assets.nicepagecdn.com/ca3c4386/6320628/images/thumbnails/IMG_20240529_195712_0221.jpg","width":128,"height":150},"usages":["38796187"]},{"id":"user-image-oLjxCeVCeHT8klw==.jpeg","fileName":"oLjxCeVCeHT8klw==.jpeg","name":"oLjxCeVCeHT8klw==","publicUrl":"https://assets.nicepagecdn.com/ca3c4386/6320628/images/oLjxCeVCeHT8klw==.jpeg","size":287456,"hash":"mPn+XCWspaYL3euKFrUWCdY+MnM=","width":1424,"height":1000,"folderId":null,"thumbnail":{"url":"https://assets.nicepagecdn.com/ca3c4386/6320628/images/thumbnails/oLjxCeVCeHT8klw==.jpeg","width":150,"height":105},"usages":["38796187"]},{"id":"user-image-hhosMbSUgA6fXbX6GJyXpgbJpTJXBX5OjHFAOatS0CNuks9E=.jpeg","fileName":"hhosMbSUgA6fXbX6GJyXpgbJpTJXBX5OjHFAOatS0CNuks9E=.jpeg","name":"hhosMbSUgA6fXbX6GJyXpgbJpTJXBX5OjHFAOatS0CNuks9E=","publicUrl":"https://assets.nicepagecdn.com/ca3c4386/6320628/images/hhosMbSUgA6fXbX6GJyXpgbJpTJXBX5OjHFAOatS0CNuks9E=.jpeg","size":366777,"hash":"8qa7pODBHsEIPmqCznyJz3GE2q0=","width":1024,"height":686,"folderId":null,"thumbnail":{"url":"https://assets.nicepagecdn.com/ca3c4386/6320628/images/thumbnails/hhosMbSUgA6fXbX6GJyXpgbJpTJXBX5OjHFAOatS0CNuks9E=.jpeg","width":150,"height":100},"usages":[]},{"id":"user-image-34627.png","fileName":"34627.png","name":"34627","publicUrl":"https://assets.nicepagecdn.com/ca3c4386/6320628/images/34627.png","size":2672,"hash":"ZWgOVORu6GgBeAt99DQWci7kfaM=","width":128,"height":128,"folderId":null,"thumbnail":{"url":"https://assets.nicepagecdn.com/ca3c4386/6320628/images/34627.png","width":128,"height":128},"usages":[]},{"id":"user-image-IMG_20240608_080003_7111.jpg","fileName":"IMG_20240608_080003_7111.jpg","name":"IMG_20240608_080003_7111","publicUrl":"https://assets.nicepagecdn.com/ca3c4386/6320628/images/IMG_20240608_080003_7111.jpg","size":30247,"hash":"9qV/8MbSI4yWf3CF+b0LyoA50eg=","width":577,"height":577,"folderId":null,"thumbnail":{"url":"https://assets.nicepagecdn.com/ca3c4386/6320628/images/thumbnails/IMG_20240608_080003_7111.jpg","width":150,"height":150},"usages":["38796187"]},{"id":"user-image-Picsart_24-06-21_22-20-31-7511.jpg","fileName":"Picsart_24-06-21_22-20-31-7511.jpg","name":"Picsart_24-06-21_22-20-31-7511","publicUrl":"https://assets.nicepagecdn.com/ca3c4386/6320628/images/Picsart_24-06-21_22-20-31-7511.jpg","size":2205342,"hash":"yj3L0Al5/dUbLQxNCi45AQ56O5g=","width":1894,"height":2367,"folderId":null,"thumbnail":{"url":"https://assets.nicepagecdn.com/ca3c4386/6320628/images/thumbnails/Picsart_24-06-21_22-20-31-7511.jpg","width":120,"height":150},"usages":["38796187","product:2","122267501"]},{"id":"user-image-IMG_20240621_235920_4151.jpg","fileName":"IMG_20240621_235920_4151.jpg","name":"IMG_20240621_235920_4151","publicUrl":"https://assets.nicepagecdn.com/ca3c4386/6320628/images/IMG_20240621_235920_4151.jpg","size":719254,"hash":"Wpyj8ri8nQ+ARaghVNDh400mVZw=","width":1772,"height":2200,"folderId":null,"thumbnail":{"url":"https://assets.nicepagecdn.com/ca3c4386/6320628/images/thumbnails/IMG_20240621_235920_4151.jpg","width":121,"height":150},"usages":[]},{"id":"user-image-IMG_20240606_190649_8681.jpg","fileName":"IMG_20240606_190649_8681.jpg","name":"IMG_20240606_190649_8681","publicUrl":"https://assets.nicepagecdn.com/ca3c4386/6320628/images/IMG_20240606_190649_8681.jpg","size":465106,"hash":"pbbKeQZnhPUsk15RXa2yKw7k8E8=","width":1537,"height":1920,"folderId":null,"thumbnail":{"url":"https://assets.nicepagecdn.com/ca3c4386/6320628/images/thumbnails/IMG_20240606_190649_8681.jpg","width":120,"height":150},"usages":["38796187","product:1","122267501"]},{"id":"user-image-photo-1691036561573-4b76998b60de.jpeg","fileName":"photo-1691036561573-4b76998b60de.jpeg","name":"photo-1691036561573-4b76998b60de","publicUrl":"https://assets.nicepagecdn.com/ca3c4386/6320628/images/photo-1691036561573-4b76998b60de.jpeg","size":202890,"hash":"GWnfTt06VPtKZGv0a+2u4dvexic=","width":1080,"height":1350,"folderId":null,"thumbnail":{"url":"https://assets.nicepagecdn.com/ca3c4386/6320628/images/thumbnails/photo-1691036561573-4b76998b60de.jpeg","width":120,"height":150},"originalUrl":"https://images.unsplash.com/photo-1691036561573-4b76998b60de?crop=entropy&cs=tinysrgb&fit=max&fm=jpg&ixid=M3w1ODg2MDh8MHwxfGNvbGxlY3Rpb258N3wxMTUzMTMxOHx8fHx8Mnx8MTcyMzcwMzg1Mnw&ixlib=rb-4.0.3&q=80&w=1080","usages":[]},{"id":"user-image-images_41.jpeg","fileName":"images_41.jpeg","name":"images_41","publicUrl":"https://assets.nicepagecdn.com/ca3c4386/6320628/images/images_41.jpeg","size":24395,"hash":"exX4hEdV5zy0RnhqjTkz/hcpD2g=","width":375,"height":280,"folderId":null,"thumbnail":{"url":"https://assets.nicepagecdn.com/ca3c4386/6320628/images/thumbnails/images_41.jpeg","width":150,"height":112},"usages":[]},{"id":"user-image-1.jpg","fileName":"1.jpg","name":"1","publicUrl":"https://assets.nicepagecdn.com/ca3c4386/6320628/images/1.jpg","size":20575,"hash":"mltOSh8DtTAkgWL/xc+W03xjr4Q=","width":728,"height":410,"folderId":null,"thumbnail":{"url":"https://assets.nicepagecdn.com/ca3c4386/6320628/images/thumbnails/1.jpg","width":150,"height":84},"usages":[]}]