[{"id":1151127461,"title":"Blog Template","order":1,"templateKey":"blog","customTemplate":false,"customTemplateFilename":null,"pageLinks":[],"dateCreated":"2024-08-14T08:15:09.954Z","dateUpdated":"2024-08-14T08:15:19.268Z","folderId":null,"pageName":"Blog Template","sectionCount":1,"status":2},{"id":29526562,"title":"Post Template","order":2,"templateKey":"post","customTemplate":false,"customTemplateFilename":null,"pageLinks":[],"dateCreated":"2024-08-14T08:15:10.038Z","dateUpdated":"2024-08-14T08:15:19.268Z","folderId":null,"pageName":"Post Template","sectionCount":1,"status":2},{"id":122267501,"title":"Product List Template","order":3,"templateKey":"products","customTemplate":false,"customTemplateFilename":null,"pageLinks":[],"dateCreated":"2024-08-14T08:15:10.122Z","dateUpdated":"2024-08-16T12:58:13.008Z","folderId":null,"pageName":"Product List Template","sectionCount":1,"status":2},{"id":1766627693,"title":"Product Details Template","order":4,"templateKey":"product","customTemplate":false,"customTemplateFilename":null,"pageLinks":[],"dateCreated":"2024-08-14T08:15:10.197Z","dateUpdated":"2024-08-14T08:15:19.268Z","folderId":null,"pageName":"Product Details Template","sectionCount":1,"status":2},{"id":80142023,"title":"Shopping Cart Template","order":5,"templateKey":"cart","customTemplate":false,"customTemplateFilename":null,"pageLinks":[],"dateCreated":"2024-08-14T08:15:10.262Z","dateUpdated":"2024-08-14T08:15:19.268Z","folderId":null,"pageName":"Shopping Cart Template","sectionCount":1,"status":2},{"id":71220026,"title":"Login Template","order":7,"templateKey":"login","customTemplate":false,"customTemplateFilename":null,"pageLinks":[],"dateCreated":"2024-08-14T08:15:10.337Z","dateUpdated":"2024-08-14T08:15:19.268Z","folderId":null,"pageName":"Login Template","sectionCount":1,"status":2},{"id":401612721,"title":"Password Template","order":8,"templateKey":"password","customTemplate":false,"customTemplateFilename":null,"pageLinks":[],"dateCreated":"2024-08-14T08:15:10.374Z","dateUpdated":"2024-08-14T08:15:19.268Z","folderId":null,"pageName":"Password Template","sectionCount":1,"status":2},{"id":953425317,"title":"404 Not Found Template","order":9,"templateKey":"404","customTemplate":false,"customTemplateFilename":null,"pageLinks":[],"dateCreated":"2024-08-14T08:15:10.411Z","dateUpdated":"2024-08-14T08:15:19.269Z","folderId":null,"pageName":"404 Not Found Template","sectionCount":1,"status":2},{"id":62128172,"title":"Thank You Template","order":10,"templateKey":"ThankYou","customTemplate":false,"customTemplateFilename":null,"pageLinks":[],"dateCreated":"2024-08-14T08:15:10.442Z","dateUpdated":"2024-08-14T08:15:19.269Z","folderId":null,"pageName":"Thank You Template","sectionCount":1,"status":2},{"id":38796187,"title":"That Final Touchh","order":50,"templateKey":null,"customTemplate":false,"customTemplateFilename":null,"pageLinks":[],"dateCreated":"2024-08-14T08:15:22.886Z","dateUpdated":"2024-08-20T09:02:22.876Z","folderId":null,"pageName":"That Final Touchh_38796187","sectionCount":8,"status":2},{"id":44020997,"title":"Collections","order":100,"templateKey":null,"customTemplate":false,"customTemplateFilename":null,"pageLinks":[],"dateCreated":"2024-08-14T08:15:10.584Z","dateUpdated":"2024-08-14T08:15:19.269Z","folderId":null,"pageName":"Collections_44020997","sectionCount":1,"status":2},{"id":126604406,"title":"Contact","order":101,"templateKey":null,"customTemplate":false,"customTemplateFilename":null,"pageLinks":[],"dateCreated":"2024-08-14T08:15:10.603Z","dateUpdated":"2024-08-14T08:15:19.269Z","folderId":null,"pageName":"Contact_126604406","sectionCount":1,"status":2}]